5,"[10, 20, 20, 10, 50, 50, 5, 100, 100, 5]","[0.3258126891568382, 0.4545440322740496, 0.44685442480278353, 0.3152968647991568, 0.52492933722305, 0.5028284593878634, 0.22543104557483584, 0.453566545101385, 0.44509585072227903, 0.16719270751340784]"
100,"[5, 5, 10, 20, 10, 50, 20, 50, 100, 100]","[0.47850529947663417, 0.44450654247496, 0.41599985106111553, 0.4016405435607379, 0.39854184759449135, 0.4373054933789078, 0.379483998010144, 0.31216768539605827, 0.21759952257018023, 0.18070667948221505]"
100,"[5, 5, 10, 10, 20, 50, 20, 50, 100, 100]","[0.5328202324575168, 0.4926414311248487, 0.4440240278071368, 0.43151683354782844, 0.3726276343506506, 0.4745024483182703, 0.35015714431371425, 0.3068666547596402, 0.22943004836077774, 0.19060647671669786]"
100,"[5, 5, 10, 10, 20, 50, 20, 50, 100, 100]","[0.4966515557224294, 0.46075520560384636, 0.4158899185619161, 0.4041308890689945, 0.39402319870369146, 0.4404167640091698, 0.36069231794573453, 0.30296556791486123, 0.22445582500894115, 0.18375237803575215]"
100,"[5, 5, 20, 10, 20, 10, 50, 50, 100, 100]","[0.47634839185689565, 0.4651088889785517, 0.4113188276952345, 0.4042617120640079, 0.39955899677770945, 0.3927961199900385, 0.38606782991313443, 0.30031329627895303, 0.20901936632878423, 0.13073590855912587]"
100,"[5, 5, 10, 10, 20, 50, 20, 50, 100, 100]","[0.5203808029141853, 0.48176302445202873, 0.42946416241998325, 0.4155241078050555, 0.38251742230429864, 0.46183973215380103, 0.36261211559019924, 0.312399242359144, 0.20671750658467225, 0.1723662953150086]"
100,"[5, 5, 20, 10, 20, 50, 10, 50, 100, 100]","[0.4691011436332725, 0.4480402693664817, 0.39458816864728263, 0.38953116395617116, 0.37936550467276703, 0.3897784261847233, 0.37606679160614037, 0.2870749440310779, 0.1892741127824463, 0.1411731073945562]"
100,"[5, 5, 10, 10, 20, 50, 20, 50, 100, 100]","[0.4996307302086796, 0.46258485326778587, 0.41113573475101944, 0.39513224774626776, 0.37319371782160754, 0.44681098826983917, 0.34797763246374497, 0.31785639943275995, 0.2083824204324376, 0.1648510903339381]"
0,"[5, 5, 10, 20, 50, 50, 20, 10, 100, 100]","[0.4433059740154471, 0.4289530604920409, 0.4184653730838814, 0.3855992617447841, 0.40283782387837486, 0.46023760255630275, 0.38514114358023066, 0.37314237775683345, 0.3495213837760175, 0.3309305226124132]"
0,"[5, 5, 20, 10, 50, 50, 20, 100, 100, 10]","[0.45974399338718014, 0.42960771375787676, 0.4221465538837277, 0.4168906610734838, 0.4636969473887726, 0.4844109298232246, 0.3938291044298652, 0.3857021203143483, 0.40328868555216096, 0.3595339159805789]"
0,"[5, 5, 10, 10, 50, 50, 20, 100, 100, 20]","[0.45693783750700057, 0.4312277181943059, 0.39077998151641596, 0.3906149099158341, 0.4233339786634156, 0.49038676854995944, 0.3075243961844321, 0.3601783745474585, 0.34278687286485515, 0.2595701817759446]"
5,"[10, 20, 20, 10, 50, 50, 5, 100, 100, 5]","[0.327011014307888, 0.4642969595193292, 0.46684679242119587, 0.31483144636891824, 0.5430517783597038, 0.5070789069494516, 0.20631739392635126, 0.47129173956717174, 0.45948866358892115, 0.2001341701170652]"
0,"[5, 5, 10, 10, 50, 50, 20, 100, 100, 20]","[0.5339493473606635, 0.5098203233769412, 0.4562379075154247, 0.4523317719447727, 0.4513940505942919, 0.5305984821969091, 0.34805428372832947, 0.40114529353319206, 0.3872577921607586, 0.285502621902563]"
0,"[5, 5, 10, 10, 50, 50, 20, 100, 100, 20]","[0.48281053281534436, 0.4578824216020223, 0.4188207430118984, 0.4175070344851184, 0.4294764402010018, 0.5022658932513553, 0.3200829142418702, 0.37811791450273513, 0.3589274482963536, 0.2840234376401339]"
0,"[5, 5, 10, 10, 50, 50, 20, 20, 100, 100]","[0.47549539526269924, 0.4632551096267021, 0.44549792871716165, 0.40437625328844545, 0.41930059788402907, 0.48719837319494774, 0.3944024761916136, 0.3875705859248862, 0.3811835961953221, 0.3638026145387297]"
0,"[5, 5, 10, 20, 50, 50, 20, 10, 100, 100]","[0.45771544075793985, 0.4465930983509716, 0.39492285241873476, 0.3769193220591184, 0.42069338507446036, 0.4819943150953591, 0.3747143137798607, 0.3691933355492486, 0.3541537028618383, 0.331544849090016]"
0,"[5, 5, 10, 10, 50, 50, 20, 100, 100, 20]","[0.5163505503579273, 0.49370488065226703, 0.4570937745982248, 0.44934719334343165, 0.41877976735757566, 0.5379184640339879, 0.3447250563113489, 0.3880897407581497, 0.37081272228299755, 0.32974764946291835]"
0,"[5, 5, 10, 10, 50, 50, 20, 100, 100, 20]","[0.5180283196002832, 0.49736025521819355, 0.45992504279434626, 0.453842722458569, 0.41620991772508065, 0.5343164811231675, 0.3418626023777251, 0.3848256632598305, 0.3693953924054777, 0.32667492814751775]"
0,"[5, 5, 10, 10, 50, 50, 20, 20, 100, 100]","[0.48351022177277053, 0.4832652066693393, 0.4455819238213163, 0.42993044722889373, 0.3977638198697445, 0.5152988635413979, 0.3755353868885324, 0.3692964854165574, 0.35534740419308525, 0.3534549463002202]"
0,"[5, 5, 10, 20, 50, 50, 10, 20, 100, 100]","[0.4741765201651137, 0.4599261766481915, 0.4201279827458493, 0.39224389404995874, 0.4249475382900114, 0.47776379940075236, 0.3768322259108411, 0.3744112455111911, 0.37409363073596996, 0.3521860523276255]"
0,"[5, 5, 10, 10, 50, 50, 20, 100, 100, 20]","[0.5175470953468265, 0.4895947696368192, 0.4502098371540639, 0.43636289232381026, 0.4004328304791284, 0.5288827421247764, 0.33859110394145525, 0.35819826452997094, 0.34533612124776286, 0.3302172157624753]"
0,"[5, 5, 10, 10, 50, 50, 20, 100, 100, 20]","[0.5035552555677337, 0.4778382232407963, 0.4358109604214724, 0.42188461676722955, 0.40099018421280336, 0.5233745847000788, 0.3338426017148067, 0.35620531620529844, 0.3439699829626833, 0.3214857246604814]"
5,"[10, 20, 20, 10, 50, 50, 5, 100, 100, 5]","[0.2986837965717628, 0.4519111467914882, 0.4566573025290668, 0.28956924781876336, 0.5010478931498633, 0.48542770878871744, 0.1767629382742486, 0.4362976641080497, 0.421083947845257, 0.1760529629145388]"
0,"[5, 5, 10, 10, 50, 50, 20, 20, 100, 100]","[0.49192147619963345, 0.48544589955623224, 0.44135117926788026, 0.43824695633035504, 0.4053100544692958, 0.5165945648383992, 0.3937400738774676, 0.37626617085395386, 0.36339303136314594, 0.34861929269678427]"
0,"[5, 5, 10, 20, 50, 50, 20, 10, 100, 100]","[0.47778137176504326, 0.4616109101752283, 0.4486853440305498, 0.4103900334490522, 0.41917822825818324, 0.4822668752118741, 0.40902297468247617, 0.40623233509784445, 0.38241319087821113, 0.35855647159427223]"
0,"[5, 5, 10, 10, 50, 50, 20, 100, 100, 20]","[0.5133003862109833, 0.5014779908703884, 0.4683961344498582, 0.4664487185810958, 0.4317179381987167, 0.536600705036589, 0.3468917614534296, 0.4030690858152963, 0.39566933296497386, 0.3335660588982438]"
0,"[5, 5, 10, 10, 50, 50, 20, 100, 100, 20]","[0.5220878941140681, 0.5180133276470427, 0.4930036322086889, 0.4791536521035123, 0.4620373642234196, 0.5502043971476128, 0.38762857394883754, 0.44064337773278306, 0.42867531907416406, 0.36178806024114546]"
0,"[5, 5, 10, 10, 20, 50, 20, 50, 100, 100]","[0.5231705747059605, 0.5218009976300383, 0.5007745361947219, 0.4613148381762524, 0.4553797539185103, 0.46114868025550293, 0.44473342307276026, 0.3764339695593921, 0.36385337344859997, 0.3517805948206619]"
0,"[5, 5, 10, 10, 20, 50, 20, 50, 100, 100]","[0.5468070391143083, 0.5400361980258462, 0.5118230409655652, 0.4804467591203937, 0.46095656638303373, 0.47072653199623143, 0.44483634603973504, 0.3503974942288995, 0.33869028609180846, 0.3345845208527928]"
0,"[5, 5, 10, 10, 20, 50, 50, 20, 100, 100]","[0.5284957659217272, 0.5220968948281286, 0.48739601315012965, 0.4772229536255436, 0.39181143112963923, 0.4981825663881807, 0.3889025752122613, 0.3778954632903475, 0.34700476856103446, 0.3463089095379516]"
0,"[5, 5, 10, 10, 50, 50, 20, 100, 100, 20]","[0.53594690209218, 0.522663817036537, 0.49498893623927087, 0.4648919181580375, 0.4577323642516818, 0.5206902798713916, 0.4042545954118203, 0.40681827644950447, 0.4167963136219524, 0.3525916883195177]"
0,"[5, 5, 10, 10, 20, 50, 20, 50, 100, 100]","[0.5410641172461398, 0.5301186939644832, 0.49467930295691487, 0.47279107606235976, 0.4468335928267148, 0.4724008673840085, 0.4388306303713993, 0.3428018056964545, 0.3181478058331659, 0.30978140812864247]"
0,"[5, 5, 10, 10, 20, 50, 20, 50, 100, 100]","[0.5541462165933329, 0.541546714946944, 0.5158590076837754, 0.49354747962406814, 0.4552525137177317, 0.48161081136048095, 0.4404832337142471, 0.35289203154201826, 0.3314242821053589, 0.32351713263625487]"
5,"[10, 20, 20, 10, 50, 50, 5, 100, 100, 5]","[0.29534686565801044, 0.46088035419756024, 0.4603113388920685, 0.28460085363246856, 0.5213898763329236, 0.4907552043882197, 0.20960449723955776, 0.46082768584075096, 0.44472067029570045, 0.15861988426487877]"
0,"[5, 5, 10, 10, 20, 50, 50, 20, 100, 100]","[0.5442926753908542, 0.5398586209857754, 0.512998018922457, 0.4930393055917734, 0.41449316737673475, 0.5109226456381518, 0.4092935618482894, 0.39119802535239817, 0.3901058033424705, 0.38113529616974706]"
0,"[5, 5, 10, 10, 50, 50, 20, 100, 100, 20]","[0.5427891239307095, 0.5287490853866861, 0.501907873791079, 0.47208306200850947, 0.4575774611515575, 0.5212261657593111, 0.41082988809248855, 0.4093505397787195, 0.4214820961936116, 0.36300360337675214]"
0,"[5, 5, 10, 10, 20, 50, 20, 50, 100, 100]","[0.5346853182427607, 0.5333633774757175, 0.5043759724041684, 0.47371784078723, 0.4593616337896715, 0.46071128412820705, 0.45650447151729145, 0.3571999380702267, 0.35032431951353993, 0.33743293489201565]"
0,"[5, 5, 10, 10, 20, 50, 20, 50, 100, 100]","[0.5672967918856014, 0.5515209042145658, 0.5249235067061896, 0.5061723432961385, 0.4551328673130837, 0.4992541174493834, 0.45180449236397296, 0.3560156918124436, 0.3345264918712619, 0.32355748423154207]"
0,"[5, 5, 10, 10, 20, 50, 50, 20, 100, 100]","[0.5379796747483705, 0.5317009585371705, 0.5050934414819316, 0.4879045742568616, 0.405249061744823, 0.5051801410396282, 0.39375116523739356, 0.3932927264531076, 0.3754666184981724, 0.36723342583747964]"
0,"[5, 10, 5, 10, 50, 50, 20, 20, 100, 100]","[0.4841216723592535, 0.4825205905907456, 0.4742328888520115, 0.4489189645818828, 0.4263283373112966, 0.4884338687525123, 0.4022082283514981, 0.3923409546820548, 0.38272387198657487, 0.3821996117408926]"
0,"[5, 5, 10, 10, 20, 20, 50, 50, 100, 100]","[0.5475839161589329, 0.5378522728595302, 0.5209846245244405, 0.485431838618001, 0.4806623230542868, 0.4670449557103795, 0.4508234756254633, 0.3745402491318362, 0.3592234319166912, 0.3539042431962043]"
0,"[5, 5, 10, 10, 20, 50, 20, 50, 100, 100]","[0.5645978641450802, 0.553666370834878, 0.5279119321271012, 0.4959167925887194, 0.47049476933257844, 0.473915318318028, 0.45135289609676543, 0.3676521771146941, 0.351185862560351, 0.3463998423762761]"
0,"[5, 5, 10, 10, 20, 50, 50, 20, 100, 100]","[0.5596341420666434, 0.5485386369783062, 0.5238506755970981, 0.49732217312685373, 0.4264025795626224, 0.5027361872765652, 0.41172205445636023, 0.3911050632670017, 0.38880565311891035, 0.3778102932590522]"
0,"[5, 5, 10, 10, 50, 50, 20, 100, 20, 100]","[0.5277247917003612, 0.525346727015512, 0.49864974839633003, 0.4707438822957401, 0.42137071174516855, 0.4911171656824169, 0.4133009087310232, 0.3765308573540206, 0.3750701456930876, 0.37357827929192194]"
5,"[10, 20, 20, 10, 50, 50, 5, 100, 100, 5]","[0.338815109275183, 0.4810966346473075, 0.4933665336548838, 0.3140007820583074, 0.5382054155500582, 0.5153842311658452, 0.2283844664777656, 0.4815372180888932, 0.4725215054082733, 0.0]"
0,"[5, 5, 10, 10, 50, 50, 20, 100, 100, 20]","[0.49305578133772465, 0.4867266685143359, 0.4450762009186351, 0.4265042132743184, 0.42135763380571045, 0.5114653734699435, 0.37559561461804125, 0.36590527335778433, 0.35242240527561813, 0.34454949272728563]"
0,"[5, 5, 10, 10, 50, 50, 20, 20, 100, 100]","[0.48904332958917546, 0.4629879741025724, 0.4226330281019702, 0.4153263461801895, 0.3785956970567794, 0.4893994244338147, 0.3692603461909964, 0.3516247029713489, 0.3256845313169865, 0.29638345569016195]"
0,"[5, 5, 10, 10, 50, 50, 20, 100, 20, 100]","[0.5181894487978957, 0.500944568844253, 0.46206447423105573, 0.453211079468786, 0.40152699130507563, 0.5126291299380678, 0.36290810584670496, 0.3504575061509866, 0.33434035611199475, 0.3340156413446215]"
0,"[5, 5, 10, 10, 50, 50, 20, 100, 100, 20]","[0.47558799960050413, 0.4655596080880081, 0.44842646524524876, 0.4203251677671273, 0.43730243542679886, 0.4949945871308472, 0.3653213141249226, 0.3673231547493795, 0.3731761207292256, 0.3361604055417043]"
0,"[5, 5, 10, 10, 50, 50, 20, 20, 100, 100]","[0.4924547100066596, 0.4720151496539779, 0.431497559150985, 0.419096174614609, 0.388228562608362, 0.4928098291907028, 0.3780294481784381, 0.3512446539550122, 0.33826352929855136, 0.30954643504199575]"
0,"[5, 5, 10, 10, 20, 50, 20, 50, 100, 100]","[0.4979557340487254, 0.4621825459316138, 0.41346862955172814, 0.412182313487272, 0.36982171881548564, 0.48414928495541687, 0.35864847741038125, 0.35092125537943325, 0.29056213644796103, 0.25881568413638584]"
0,"[5, 5, 10, 10, 50, 50, 20, 100, 20, 100]","[0.5486243610879387, 0.5257303557159263, 0.4967908230442945, 0.48266875379034074, 0.41540801881692396, 0.5215253558323892, 0.3821793064237164, 0.36942376892785356, 0.344540244843366, 0.3425072937289284]"
0,"[5, 5, 10, 10, 50, 50, 20, 100, 100, 20]","[0.5155815771309461, 0.5136384734323904, 0.49048857229056886, 0.46399442195480267, 0.43614080802213145, 0.5065168799332012, 0.38966424677421835, 0.3741327208650568, 0.3691245235952225, 0.34911026261515127]"
0,"[5, 5, 10, 10, 50, 50, 20, 100, 100, 20]","[0.4733607153508977, 0.47073355005536155, 0.42141532600369913, 0.40482522852261277, 0.4297340701917412, 0.4974466144630172, 0.36467632469479205, 0.35133243962983873, 0.34654017443842905, 0.3255143994194755]"
0,"[5, 5, 10, 10, 50, 50, 20, 20, 100, 100]","[0.4942399424631854, 0.46765033208717016, 0.4175083348986458, 0.41110581054034007, 0.37228448877695447, 0.48898765857570986, 0.3652618832383079, 0.3418827091323757, 0.31574823835561694, 0.29024427872969927]"
5,"[10, 20, 20, 10, 50, 50, 5, 100, 100, 5]","[0.32043642316628457, 0.4425516233175757, 0.4596362266055754, 0.3040629737357881, 0.5315485946931962, 0.4985611648964612, 0.18451457291993975, 0.4707441636680493, 0.4574541559414318, 0.15314158656072654]"
0,"[5, 5, 10, 10, 50, 50, 20, 100, 100, 20]","[0.5186444038356468, 0.5094160902116078, 0.47478504042253267, 0.4602551165857844, 0.42025867348721563, 0.5103885674072283, 0.3580510822777423, 0.366551461014476, 0.35422709147436715, 0.32242239084405594]"
0,"[5, 5, 10, 10, 50, 50, 20, 100, 100, 20]","[0.5330975428168442, 0.5317781601325925, 0.47622499112241184, 0.4755549071942991, 0.45298961485760003, 0.5285322276390491, 0.3659192858249341, 0.3690413292991363, 0.38240740083212066, 0.32838735768598826]"
0,"[5, 5, 10, 10, 50, 50, 20, 100, 100, 20]","[0.5008023008732635, 0.47448753977684477, 0.45473642340409126, 0.4372714234422876, 0.4365195056078176, 0.510328791091647, 0.4226926499750298, 0.4581907726568697, 0.4362871682660149, 0.4187188520419761]"
0,"[5, 5, 10, 10, 20, 50, 20, 100, 100, 50]","[0.510889480327096, 0.48005905523551373, 0.43120508057024526, 0.4244586907215953, 0.42342155014460586, 0.49169433268984364, 0.4213289560795392, 0.4386726144357819, 0.4294887688834888, 0.4161045426872183]"
0,"[5, 5, 20, 20, 10, 50, 50, 100, 100, 10]","[0.4953750147571362, 0.46983145188083986, 0.41533305821051864, 0.4137350940569908, 0.41009802743179835, 0.4802930611075266, 0.40949765652500486, 0.4191515799766322, 0.41348956556901434, 0.4039438932331012]"
0,"[5, 5, 10, 10, 50, 50, 20, 100, 100, 20]","[0.5146626235080282, 0.4866443085228023, 0.4628051734586991, 0.43773484274139707, 0.41927008964551843, 0.5097398261039651, 0.4182984268278012, 0.4396035072702652, 0.4254416489101713, 0.40383527053823093]"
0,"[5, 5, 20, 20, 10, 50, 10, 100, 100, 50]","[0.6080349904567804, 0.5547486590247686, 0.5585145354728964, 0.5521866630720111, 0.5199364152314976, 0.5952709887382701, 0.5175485485740231, 0.5190820552548431, 0.48034472583043203, 0.47845080968717263]"
0,"[5, 5, 20, 20, 10, 50, 10, 100, 100, 50]","[0.632306772692934, 0.5771886054235194, 0.5723500078519194, 0.5627057155128736, 0.5467200250685462, 0.6032412383551481, 0.5408789646010095, 0.519835629481818, 0.48411226731138324, 0.4783065600382839]"
0,"[5, 5, 10, 20, 10, 20, 50, 100, 100, 50]","[0.5906229176289501, 0.561627209813222, 0.5047149321727561, 0.4996413146378648, 0.48677709446505213, 0.4807272172385615, 0.39909932559923356, 0.39576569252245236, 0.42092486331211537, 0.37258890562588914]"
0,"[5, 5, 10, 20, 20, 10, 50, 100, 100, 50]","[0.5937135248560483, 0.5668118892572709, 0.5090776259675291, 0.5018269582450056, 0.4950146857510422, 0.49050459262778834, 0.39575085799375004, 0.3919363654463656, 0.4202782595098467, 0.3485904898700732]"
5,"[10, 20, 20, 10, 50, 50, 5, 100, 100, 5]","[0.379888223538961, 0.41127773142380597, 0.4288048980632333, 0.36012942264479847, 0.4823847543449018, 0.5043652571469996, 0.31971453105285635, 0.4497005205733575, 0.42144055517785217, 0.2264927703166471]"
0,"[5, 5, 10, 10, 20, 20, 50, 100, 100, 50]","[0.6576065781722846, 0.6354681172836194, 0.6058469147061433, 0.5929500666412506, 0.5731852377055623, 0.5715528920787156, 0.4174444029443773, 0.47862524441334336, 0.5006514504112696, 0.4043626098830577]"
0,"[5, 5, 10, 10, 20, 20, 50, 100, 100, 50]","[0.6747528892028875, 0.6474239014530435, 0.6137829685464223, 0.610488019247439, 0.5811686065152505, 0.5652325050444749, 0.48049905726598197, 0.488730802114122, 0.5172680680440281, 0.44555883262913687]"
0,"[10, 20, 20, 10, 50, 50, 5, 100, 100, 5]","[0.4407595226518558, 0.4780351216434144, 0.4654385088778164, 0.43849617927209417, 0.5399210719520126, 0.4956761503741314, 0.3974271634089157, 0.5176468536430835, 0.5026483378295945, 0.3669442843349926]"
0,"[10, 5, 20, 10, 50, 50, 20, 100, 100, 5]","[0.4401630541252192, 0.41464583316429793, 0.4228628081655173, 0.4107478215744041, 0.4816948622538436, 0.46940176111964543, 0.408618266044688, 0.46850584326033884, 0.4481047850211996, 0.3578430196706131]"
0,"[10, 5, 10, 20, 50, 50, 20, 100, 100, 5]","[0.5762597945622208, 0.5554850185119089, 0.555215402591297, 0.5424551670270843, 0.5257516143647031, 0.5338763945907531, 0.5087198020066479, 0.5482171437291677, 0.5333926871025481, 0.4540519150908355]"
0,"[10, 10, 20, 5, 50, 50, 20, 100, 100, 5]","[0.5591291574393028, 0.5405620301355571, 0.5555531143254865, 0.5337242849166367, 0.5264794387520865, 0.5425276509824405, 0.521842736727351, 0.5507672321006496, 0.5286644288931187, 0.4344001672564206]"
0,"[10, 20, 5, 20, 50, 50, 10, 100, 100, 5]","[0.44583776577094786, 0.4525096382402225, 0.4423591297888157, 0.438124765234109, 0.48458286887377927, 0.44387800601505484, 0.4149125406230279, 0.45930205454741635, 0.4509176225042659, 0.384299853860688]"
0,"[10, 5, 20, 20, 50, 50, 10, 100, 100, 5]","[0.4471583640166422, 0.42473226273313286, 0.42814206265457905, 0.4203662117603702, 0.4941291927750344, 0.475740582613204, 0.41998199668391933, 0.4757066926018447, 0.46052522491332404, 0.3698839553485474]"
0,"[5, 5, 10, 10, 50, 50, 20, 100, 100, 20]","[0.5206740036058134, 0.505287327220304, 0.47310618766951396, 0.4498206667827042, 0.4163752162447528, 0.5076907428476846, 0.35716769337520754, 0.38777768481128055, 0.38142402828174304, 0.3514512025419978]"
0,"[5, 5, 10, 10, 50, 50, 20, 100, 100, 20]","[0.5020331852116736, 0.49176643736246684, 0.44673253221777887, 0.44540498357952374, 0.38469307875506953, 0.46362012276428494, 0.3731342988668285, 0.3744333794812113, 0.36867225084407707, 0.35236797724207447]"
5,"[10, 20, 20, 10, 50, 50, 5, 100, 100, 5]","[0.3312059706209303, 0.431446686800637, 0.4531300691727323, 0.2796809250473289, 0.5048784003711402, 0.4969932331492732, 0.2283844664777656, 0.4552169788386887, 0.42980850682498256, 0.0]"
0,"[5, 5, 10, 10, 50, 50, 20, 100, 100, 20]","[0.4977093932933785, 0.491085322911761, 0.4445017379708162, 0.44216019883596547, 0.4011418644934487, 0.4782005151312235, 0.3720564327623509, 0.3772587505069284, 0.3785391410841627, 0.35847404338441535]"
0,"[5, 5, 10, 10, 50, 50, 20, 100, 100, 20]","[0.532502288647888, 0.5196099761892391, 0.48642580333574276, 0.4788475023032532, 0.42706474379222403, 0.5125988767158707, 0.37403042614783444, 0.42443001327819846, 0.41089964330896234, 0.3638662785643733]"
0,"[5, 5, 10, 10, 20, 50, 20, 50, 100, 100]","[0.6492758860155257, 0.6090923207646242, 0.5844340060655621, 0.5811089978107832, 0.5041937501028408, 0.5814580396643323, 0.5030932406627758, 0.43055202882138033, 0.4295146029967325, 0.40867997645640447]"
0,"[5, 5, 10, 10, 20, 50, 20, 100, 50, 100]","[0.6199880193286401, 0.5841720024964667, 0.5682946587631095, 0.5584451394770883, 0.5060183402066608, 0.5599707952706562, 0.505231094636956, 0.4307757584056312, 0.4148455164480351, 0.4017182691260761]"
0,"[5, 20, 20, 5, 50, 50, 10, 100, 100, 10]","[0.5122939750854048, 0.4988186189042699, 0.4920353279485425, 0.46331968247468874, 0.47921632036735295, 0.4714333478451231, 0.3686533361281701, 0.4478798847413987, 0.4430101714607261, 0.3620392621284511]"
0,"[5, 20, 20, 5, 50, 50, 10, 100, 100, 10]","[0.5021578010248884, 0.49506532711654333, 0.4914320543274736, 0.45245546819425, 0.48217930212350585, 0.4743847047082993, 0.36683703088857966, 0.4431298864003463, 0.4341548987544167, 0.35643465487460013]"
0,"[5, 20, 20, 5, 50, 50, 10, 100, 100, 10]","[0.49933457791179686, 0.49760190382421043, 0.4859048603679372, 0.4569343966772915, 0.4912696972074013, 0.479220331368214, 0.3541818701828123, 0.4530737940185838, 0.44677011068362704, 0.3382205845345341]"
0,"[5, 20, 20, 5, 50, 50, 10, 100, 100, 10]","[0.5107985199818326, 0.5010336524807869, 0.4878941530142276, 0.4601704133119234, 0.46873097796030266, 0.45236392505546374, 0.385853167542234, 0.4523838775661054, 0.44459119111509776, 0.3661859163840496]"
0,"[5, 20, 20, 5, 50, 50, 10, 100, 100, 10]","[0.5589191277891368, 0.5242422925944705, 0.5176304393879301, 0.49667633465039096, 0.4646103202291486, 0.5361846671314413, 0.44104404483049947, 0.4821459935100417, 0.4502705063405358, 0.44039124053132145]"
0,"[5, 20, 20, 5, 10, 50, 50, 100, 100, 10]","[0.5800307916653771, 0.5323080891189383, 0.5282136332138533, 0.5216706709265662, 0.48313264616662865, 0.5483329005703469, 0.4755943848080594, 0.5088815005716637, 0.48098560241057414, 0.4710897687834029]"
5,"[10, 20, 20, 10, 50, 50, 5, 100, 100, 5]","[0.32646874566493334, 0.48972795547574793, 0.4948190003373464, 0.3212204417056112, 0.5480145676658782, 0.5162641701487066, 0.282449591895859, 0.4862021127390311, 0.4787027536939594, 0.18888572855584365]"
0,"[5, 5, 10, 10, 20, 20, 50, 50, 100, 100]","[0.5363264453030746, 0.5150948524841722, 0.50285609976011, 0.47403391020196195, 0.47363856644674523, 0.46894181494074794, 0.41494416026053893, 0.3664228796694148, 0.36275984400376926, 0.34202201270481336]"
0,"[5, 5, 10, 10, 20, 20, 50, 50, 100, 100]","[0.5544870553830625, 0.5241174498442239, 0.48925442244709105, 0.4674853244054372, 0.44776385815898684, 0.4296727923346067, 0.41572639759782026, 0.3584627218258697, 0.3555704677110445, 0.3367539705203808]"
0,"[5, 5, 10, 10, 20, 20, 50, 50, 100, 100]","[0.5522030880802875, 0.5329418870597233, 0.5150533399234215, 0.4837008994729804, 0.47590155148868646, 0.45737475624304524, 0.4230952643800523, 0.37525066717032646, 0.37813852249484153, 0.36293880492632824]"
0,"[5, 5, 10, 10, 20, 50, 20, 50, 100, 100]","[0.5776402155374147, 0.5596241143929525, 0.5247496249638973, 0.49558597803629806, 0.4752000432761778, 0.4558089598598923, 0.4507708550325627, 0.37859552543790675, 0.390321286568707, 0.3777390737725812]"
0,"[5, 5, 10, 10, 20, 50, 20, 100, 100, 50]","[0.6527431458202224, 0.6190356298477513, 0.6033952111458027, 0.5950245435728462, 0.5372271933119094, 0.5345144569467802, 0.5340025371129115, 0.42386598865580344, 0.40600580187288826, 0.3998263773959676]"
0,"[5, 5, 10, 10, 20, 20, 50, 100, 100, 50]","[0.655071359629343, 0.6253366568019897, 0.6151449538660602, 0.5983768725801804, 0.5512084210342421, 0.5506184892371276, 0.5304052496479661, 0.4692550384628661, 0.45372013763858715, 0.4332939845716038]"
0,"[5, 5, 10, 10, 20, 20, 50, 50, 100, 100]","[0.5674605777903087, 0.5365183680958701, 0.530966360014322, 0.5221788182306538, 0.5001865822219154, 0.5000376301487826, 0.43386241695402755, 0.4322782429756723, 0.42125366489003496, 0.41149312372056734]"
0,"[5, 5, 10, 10, 20, 20, 50, 100, 100, 50]","[0.5738965537511227, 0.5442452737679369, 0.5384883527294843, 0.5203976723257006, 0.5005122434931643, 0.49325419174617585, 0.42738336115942754, 0.4261605602550689, 0.42676139023575366, 0.418525429981626]"
0,"[5, 5, 10, 10, 20, 20, 50, 50, 100, 100]","[0.5906120323361127, 0.5605814462667885, 0.5339800433564884, 0.5232658743806773, 0.4870785070961189, 0.4743805239909557, 0.44386582253464524, 0.4236251698484907, 0.4168613220291308, 0.408705296471436]"
5,"[10, 20, 20, 10, 50, 50, 5, 100, 100, 5]","[0.3201586624592442, 0.4600980060004492, 0.46100138700890114, 0.31632699814005094, 0.5291578762243322, 0.49975533830752, 0.21112685729219485, 0.45931618404482993, 0.44857320973731807, 0.15905532467139305]"
5,"[10, 20, 20, 10, 50, 50, 5, 100, 100, 5]","[0.3139955994988909, 0.4742237761984685, 0.47921622049077883, 0.30225587490515793, 0.5362650309096411, 0.5102313722628927, 0.21148086766215224, 0.46442032319704085, 0.4544220437566451, 0.19616447968270612]"
5,"[10, 20, 20, 10, 50, 50, 5, 100, 100, 5]","[0.3195694029860232, 0.4541795105207524, 0.45324521887918784, 0.31594629200764796, 0.5182058518500887, 0.4989123215595773, 0.23718274704926454, 0.4558528894328386, 0.43624379943702524, 0.15903141388150688]"
10,"[5, 20, 20, 5, 50, 50, 10, 100, 100, 10]","[0.3312059706209303, 0.4776114917226921, 0.4517290460332292, 0.3140007820583074, 0.47017689343177194, 0.46111990779365863, 0.20254558229049166, 0.39920617640629436, 0.3934976960296358, 0.0]"
10,"[5, 20, 20, 5, 50, 50, 10, 100, 100, 10]","[0.369125308607981, 0.4539178401970928, 0.43359046407721774, 0.35407052596534005, 0.48579125631740133, 0.4952934494996879, 0.17851552570760815, 0.42018584071593995, 0.4034937996119417, 0.17479485225875765]"
10,"[5, 20, 20, 5, 50, 50, 10, 100, 100, 10]","[0.338815109275183, 0.42445593729750747, 0.410891918466599, 0.2796809250473289, 0.4692124624758659, 0.4745558319818854, 0.20254558229049166, 0.3885199596623809, 0.36900883963088343, 0.0]"
10,"[5, 20, 20, 5, 50, 50, 10, 100, 100, 10]","[0.31168381791156324, 0.44242681838114034, 0.4258080514637519, 0.2775017981693775, 0.4619666263959558, 0.46516943682479445, 0.15495179043537874, 0.3804678889513156, 0.3660950031145779, 0.08273718580832642]"
10,"[5, 20, 20, 5, 50, 50, 10, 100, 100, 10]","[0.31089302647387745, 0.448880202518082, 0.4443189748936268, 0.28633306619922416, 0.4720646273767792, 0.4596563842163476, 0.22578223197557726, 0.423529121676265, 0.41409792820412095, 0.17178246939831557]"
10,"[5, 20, 20, 5, 50, 50, 10, 100, 100, 10]","[0.31231511951488816, 0.44975907219542405, 0.4410100152565151, 0.2882769567394811, 0.46855667908303134, 0.45439994957364505, 0.2225614380295901, 0.41912608599386797, 0.40899314248940943, 0.17168095356956625]"
10,"[5, 20, 20, 5, 50, 50, 10, 100, 100, 10]","[0.3178799837427182, 0.45043930917878977, 0.4478003941643324, 0.2676966056277842, 0.46710733158508344, 0.46171570038044124, 0.2171332815199934, 0.39665539809371525, 0.38658460936054906, 0.18747429789682837]"
10,"[5, 20, 20, 5, 50, 50, 10, 100, 100, 10]","[0.33549204180537734, 0.4403310363377196, 0.4315926696810803, 0.28372090100752334, 0.4500925308447818, 0.44499459852450085, 0.21833905601708137, 0.39792931984208807, 0.3867634059077987, 0.2010394986650144]"
20,"[5, 10, 5, 10, 50, 50, 20, 100, 100, 20]","[0.4810966346473075, 0.4776114917226921, 0.431446686800637, 0.42445593729750747, 0.4573494682827232, 0.5268509536871503, 0.2415752016423215, 0.39051879100585934, 0.373620099031006, 0.0]"
20,"[5, 5, 10, 10, 50, 50, 20, 100, 100, 20]","[0.4933665336548838, 0.4531300691727323, 0.4517290460332292, 0.410891918466599, 0.4563471614804589, 0.5002527099210909, 0.2415752016423215, 0.38628704122579327, 0.3680676016608877, 0.0]"
20,"[5, 10, 5, 10, 50, 50, 20, 100, 100, 20]","[0.4888076266229557, 0.4643853264379084, 0.45611095503831595, 0.4299747666467704, 0.4677323644396171, 0.500397033325693, 0.2469325896804484, 0.4052165784602599, 0.3849415779575322, 0.09135595920540689]"
20,"[5, 10, 5, 10, 50, 50, 20, 100, 100, 20]","[0.4674555055800187, 0.4532242077965706, 0.4059780513403086, 0.39239160035849113, 0.4419390897933331, 0.5156094356620887, 0.21865855712692142, 0.37050286354388745, 0.35345644803562637, 0.11440034732154136]"
20,"[5, 10, 5, 10, 50, 50, 20, 100, 100, 20]","[0.47737087819823554, 0.4538198863239246, 0.42543230939196647, 0.4200120102606884, 0.4571574305749324, 0.5138274768397482, 0.20356288385665583, 0.39786342904051475, 0.3805926040569645, 0.15631238651415827]"
20,"[5, 10, 5, 10, 50, 50, 20, 100, 100, 20]","[0.48621795427942965, 0.46611257209431234, 0.44759800030269625, 0.42432962820934406, 0.4897545917961269, 0.5269191512715736, 0.16967100327291812, 0.42096963404922194, 0.40652490342848796, 0.1604712581120611]"
20,"[5, 5, 10, 10, 50, 50, 20, 100, 100, 20]","[0.5111082827213436, 0.47407157005800166, 0.46256068692124575, 0.44625809258460064, 0.4678490091803818, 0.4965186272883556, 0.2866739388385021, 0.40959904383959966, 0.3964607113807767, 0.13779791242787068]"
20,"[5, 10, 5, 10, 50, 50, 20, 100, 100, 20]","[0.529732384962627, 0.4990306410672772, 0.4797463432912046, 0.445112927481831, 0.4576446481001111, 0.5266216591228227, 0.23124097804338822, 0.4023603011937641, 0.38563896219263477, 0.15800069522691834]"
50,"[5, 5, 10, 10, 20, 20, 50, 100, 100, 50]","[0.5585689556907709, 0.5341197419746535, 0.49751572349862927, 0.4822536584126961, 0.4757568236038183, 0.46168529631380334, 0.3453762505281032, 0.315752749532807, 0.3287315242862121, 0.14932156979695724]"
50,"[5, 5, 20, 10, 20, 10, 50, 100, 100, 50]","[0.5144916933641781, 0.4871441683288387, 0.4617714992012052, 0.4446275036770846, 0.43998464940228604, 0.4376839070787896, 0.22548616685475237, 0.28713110796290064, 0.3076965237542254, 0.14937768362475126]"
50,"[5, 20, 20, 5, 10, 10, 50, 100, 100, 50]","[0.5152315254475499, 0.5381853998050633, 0.5189687519514651, 0.4974282283852529, 0.4588721705792025, 0.45580502050441185, 0.3508795131163917, 0.4000486636312247, 0.4250535419546081, 0.17897386233520018]"
50,"[5, 5, 20, 10, 10, 20, 50, 100, 100, 50]","[0.5585045417001728, 0.5392097430425208, 0.5069788481148825, 0.48756695724483745, 0.4865188013251506, 0.4824334773039304, 0.27608025440395945, 0.36476082344111643, 0.4017197468573933, 0.15422446223841244]"
50,"[5, 5, 10, 10, 20, 20, 50, 100, 100, 50]","[0.5542217858216407, 0.5286231759474123, 0.4755910933370407, 0.4644555405285843, 0.459305240592548, 0.4308429722470647, 0.2887570818931028, 0.2959849786669385, 0.31818454419739783, 0.16090290531934473]"
50,"[5, 5, 20, 10, 10, 20, 50, 100, 100, 50]","[0.5280286105315778, 0.504415035508144, 0.4580270824820934, 0.44965297790814895, 0.4402661955210791, 0.42449003621082165, 0.23247839488838845, 0.28891820431447457, 0.3139028547705512, 0.1811675282163058]"
50,"[5, 20, 20, 5, 10, 10, 50, 100, 100, 50]","[0.5008003818160048, 0.5200406297869911, 0.4965970632124213, 0.4849927486625945, 0.46814622154793184, 0.45364635383103175, 0.30351651240229766, 0.37177690046542583, 0.39649168009561003, 0.09706505538306023]"
50,"[5, 20, 5, 20, 10, 10, 50, 100, 100, 50]","[0.5248316652339534, 0.5312292720129964, 0.5144560701399149, 0.501293812102187, 0.48995636371421497, 0.4680394128945229, 0.3148943069679002, 0.38062412743979546, 0.4140685228029456, 0.1011402309758108]"
50,"[5, 5, 10, 10, 20, 20, 50, 100, 100, 50]","[0.5382054155500582, 0.5048784003711402, 0.47017689343177194, 0.4692124624758659, 0.4573494682827232, 0.4563471614804589, 0.30729533097457895, 0.2911035792287757, 0.2968818726332503, 0.0]"
50,"[5, 5, 20, 10, 20, 10, 50, 100, 100, 50]","[0.5187909268256028, 0.4948962957428946, 0.47274333802243407, 0.4589702647509384, 0.44602268042422527, 0.44559811067806204, 0.19753696723966224, 0.30264507500395404, 0.32814357555826584, 0.19559906420330336]"
50,"[5, 20, 20, 5, 10, 10, 50, 100, 100, 50]","[0.5153842311658452, 0.5268509536871503, 0.5002527099210909, 0.4969932331492732, 0.4745558319818854, 0.46111990779365863, 0.30729533097457895, 0.3992208766493996, 0.42214164097397555, 0.0]"
50,"[5, 20, 20, 5, 10, 10, 50, 100, 100, 50]","[0.5157813826640338, 0.5586912129192332, 0.527651388236241, 0.5127482087075248, 0.49500110058970154, 0.4706900601812325, 0.3623778375427662, 0.4356829464823115, 0.45917598998529136, 0.11429454209210484]"
50,"[5, 5, 20, 10, 10, 20, 50, 100, 100, 50]","[0.5443286133533065, 0.5209922835481688, 0.47257334704635906, 0.46616113526300695, 0.4533393923777382, 0.44408970497610845, 0.24245248210617498, 0.29516206860897043, 0.33044294100797417, 0.18866126700675323]"
50,"[5, 5, 20, 10, 20, 10, 50, 100, 100, 50]","[0.5168468200574993, 0.5002700723199552, 0.47684896938156074, 0.4566235025239093, 0.4507955816741762, 0.43969259357255336, 0.22819447467812534, 0.3181315670543307, 0.351573329953976, 0.18947562845951016]"
50,"[5, 5, 20, 10, 10, 20, 50, 100, 100, 50]","[0.5637457617752724, 0.539335820848835, 0.4830310796179643, 0.4756760039064704, 0.4664293309967591, 0.4533446519129896, 0.29190882533913315, 0.34854195843938995, 0.37637399228296087, 0.2140533976220242]"
50,"[5, 20, 20, 5, 10, 10, 50, 100, 100, 50]","[0.5323143040903526, 0.5215150604782675, 0.5132100016233795, 0.5123139262476305, 0.484383317551862, 0.4806039063411473, 0.2807293273461924, 0.36374141409513555, 0.3943201766958421, 0.13159518491554617]"
50,"[5, 5, 20, 10, 20, 10, 50, 100, 100, 50]","[0.5390473006536647, 0.513674485382259, 0.46748169339641626, 0.45842102936542584, 0.4488606007086379, 0.4487134968317731, 0.25816021398803235, 0.287717343112296, 0.3144363709125304, 0.1529814688997436]"
50,"[5, 5, 20, 10, 20, 10, 50, 100, 100, 50]","[0.5195985085069169, 0.5039437770531145, 0.4770424612505858, 0.45834117825844517, 0.44531797424916514, 0.4403776872552971, 0.2365948974693339, 0.31393998320049377, 0.35016541307279575, 0.18732694613916448]"
50,"[5, 5, 20, 10, 20, 10, 50, 100, 100, 50]","[0.539133427678, 0.5229499373387088, 0.4945082168770246, 0.47352529641485996, 0.4616279950774448, 0.4575944835110508, 0.26013156102768564, 0.35618126461364064, 0.3765208071053512, 0.15514233451620252]"
50,"[5, 20, 5, 20, 10, 10, 50, 100, 100, 50]","[0.5270403605975486, 0.5154245861825614, 0.5105212817261053, 0.49154616318998756, 0.46646411144754574, 0.4552018677442939, 0.29932032907623446, 0.3667319269767005, 0.39860366591916274, 0.10927653145540014]"
100,"[5, 5, 10, 10, 20, 50, 20, 50, 100, 100]","[0.48824634448155046, 0.460014520000597, 0.3989947611670741, 0.3956167284658481, 0.36922291472905766, 0.40442902075535175, 0.3622217778396037, 0.27767222202436026, 0.13563657449687705, 0.08352549373691494]"
100,"[5, 5, 10, 20, 10, 50, 20, 50, 100, 100]","[0.47353095895785546, 0.4542521283432915, 0.3899396921276978, 0.3856882742253261, 0.37755987549696834, 0.3950273743267736, 0.35611811994043463, 0.3049264687455015, 0.19614734299042233, 0.16907840965806772]"
100,"[5, 5, 10, 10, 20, 50, 20, 50, 100, 100]","[0.48962355157322984, 0.444811919206732, 0.3984943493824905, 0.382043513712556, 0.3633688529417244, 0.43882791271082217, 0.3450187624875042, 0.2978351482844685, 0.1650695199082209, 0.07738305070761053]"
100,"[5, 5, 10, 20, 10, 50, 20, 50, 100, 100]","[0.45458778695995516, 0.42679806612736865, 0.3876978351230164, 0.38001152167912994, 0.3793658597774807, 0.40964985491560385, 0.3588086372663279, 0.3083010434069085, 0.18193885074730343, 0.1372082941062919]"
100,"[5, 5, 10, 20, 10, 50, 20, 50, 100, 100]","[0.4815372180888932, 0.4552169788386887, 0.39920617640629436, 0.39051879100585934, 0.3885199596623809, 0.3992208766493996, 0.38628704122579327, 0.2911035792287757, 0.13675945322870786, 0.0]"
100,"[5, 5, 20, 20, 10, 50, 10, 50, 100, 100]","[0.456700772841379, 0.4416625291715025, 0.3957723750448188, 0.36661081544040147, 0.36313121796006637, 0.393212413283674, 0.3598198501969709, 0.3163808602314231, 0.19601013585877694, 0.15099656272461032]"
100,"[5, 5, 10, 20, 10, 50, 20, 50, 100, 100]","[0.4725215054082733, 0.42980850682498256, 0.3934976960296358, 0.373620099031006, 0.36900883963088343, 0.42214164097397555, 0.3680676016608877, 0.2968818726332503, 0.13675945322870786, 0.0]"
100,"[5, 5, 10, 10, 20, 50, 20, 50, 100, 100]","[0.48312992172127045, 0.45798393869720466, 0.384049772256855, 0.3825906992854826, 0.3791193820674803, 0.4255208570239188, 0.3331949419683649, 0.32946042044317797, 0.2187218152684079, 0.18519110393172616]"
5,"[10, 20, 20, 10, 50, 50, 5, 100, 100, 5]","[0.3391222931023186, 0.4544472585507111, 0.4529301868213641, 0.31726694678128087, 0.539449524643091, 0.5137769090961647, 0.23574605990160294, 0.47919058321833446, 0.466974551581726, 0.14686201840637567]"
5,"[10, 20, 20, 10, 50, 50, 5, 100, 100, 5]","[0.31238945476900076, 0.44916794638749796, 0.45827163957405526, 0.30246714406532743, 0.5315347069759816, 0.5014533282544121, 0.18164299763027641, 0.4665091092536152, 0.45046522146324075, 0.1570889438111835]"
5,"[10, 20, 20, 10, 50, 50, 5, 100, 100, 5]","[0.3422143320039131, 0.448699242019875, 0.45793007326099255, 0.3183837319310891, 0.5334595164123177, 0.5118488841928119, 0.2181959128441682, 0.4610584485742367, 0.4470446153268286, 0.19839836687896112]"
5,"[10, 20, 20, 10, 50, 50, 5, 100, 100, 5]","[0.32300466671308414, 0.4287020030020664, 0.43473027509119117, 0.2957878667204873, 0.5093181211465175, 0.49220189293895117, 0.21383646704090803, 0.44855990675157237, 0.4313611956710687, 0.14578680035428715]"
5,"[10, 20, 20, 10, 50, 50, 5, 100, 100, 5]","[0.33116060532223796, 0.46019208518057086, 0.4737390084506826, 0.32641380084025123, 0.5367316347330785, 0.5153375960205244, 0.2352035490972133, 0.46901562491130006, 0.45996383673108604, 0.14342988161026743]"
5,"[10, 20, 20, 10, 50, 50, 5, 100, 100, 5]","[0.33374065196722746, 0.37792487119311513, 0.3909738006657713, 0.29570989367583, 0.49507607267322845, 0.4932395484824054, 0.2680585793315817, 0.43808965375898895, 0.41619387490368587, 0.2241067412455895]"
5,"[10, 20, 20, 10, 50, 50, 5, 100, 100, 5]","[0.32783684948899483, 0.4233455740310901, 0.4344302507066259, 0.2988542083856912, 0.5241523056919074, 0.5050609783365693, 0.21587235104055885, 0.4556212040467671, 0.4350990438699154, 0.14702415860449355]"
5,"[10, 20, 20, 10, 50, 50, 5, 100, 100, 5]","[0.3130009343386357, 0.4048750883200093, 0.4021202629711087, 0.28653895024000103, 0.5120455322419211, 0.4974460931128746, 0.24602103732826974, 0.4534308154629006, 0.43124455761907865, 0.1571415640085937]"
5,"[10, 20, 20, 10, 50, 50, 5, 100, 100, 5]","[0.34109157160679626, 0.45819996037522953, 0.4733194319974698, 0.3359988671638844, 0.5406586215566322, 0.5198715699352616, 0.19740077352119295, 0.4898721596990837, 0.47251975596886175, 0.10681366529986128]"
5,"[10, 20, 20, 10, 50, 50, 5, 100, 100, 5]","[0.34230947639053483, 0.4419034769172375, 0.4622547880063888, 0.32822578173036476, 0.5305129081012656, 0.5101029163880172, 0.1908576999765437, 0.4750636079664893, 0.4585508706436796, 0.16646704696451012]"
5,"[10, 20, 20, 10, 50, 50, 5, 100, 100, 5]","[0.3517123242525641, 0.4320261509110996, 0.45287453172072084, 0.30863075721021294, 0.5142098681270075, 0.507460369010472, 0.22401908293565587, 0.46304154975797335, 0.43773722885873045, 0.08633568546327083]"
5,"[10, 20, 20, 10, 50, 50, 5, 100, 100, 5]","[0.3896054029065128, 0.39192738476219774, 0.4203384675393841, 0.3533881389990921, 0.4668561161166796, 0.5030673539447018, 0.335349425090847, 0.4353367821322164, 0.40593872945464177, 0.2278395309472638]"
10,"[5, 20, 20, 5, 50, 50, 10, 100, 100, 10]","[0.3637970997993661, 0.509950331331226, 0.4877283277794979, 0.34222968600010367, 0.5224276897203711, 0.4989370622170369, 0.2488725191766161, 0.4668200386988024, 0.45554494105915005, 0.1703528101936914]"
10,"[5, 20, 20, 5, 50, 50, 10, 100, 100, 10]","[0.34643945262405945, 0.4515582853728167, 0.44311555128556324, 0.31295459958490535, 0.4639824040254565, 0.46721455240726384, 0.16331580169560253, 0.3982366207131171, 0.3771599941062862, 0.15699970870665353]"
10,"[5, 20, 20, 5, 50, 50, 10, 100, 100, 10]","[0.3206728605350851, 0.4280769567790163, 0.4077981903924416, 0.28070234907303143, 0.45763346528602017, 0.45510554597088604, 0.18100886517971612, 0.36996207411216575, 0.3520308871617448, 0.11070484855940906]"
10,"[5, 20, 20, 5, 50, 50, 10, 100, 100, 10]","[0.3577241939145283, 0.429795148658457, 0.42728207245591737, 0.3063884494191087, 0.4769523260945762, 0.4963113725941268, 0.24988536838784445, 0.38424036279112994, 0.36609039571260504, 0.1316776296844602]"
10,"[5, 20, 20, 5, 50, 50, 10, 100, 100, 10]","[0.3753088921662233, 0.5032141446359867, 0.48688151800929125, 0.36507306904844855, 0.5198279733746433, 0.5073099867813546, 0.256503860038878, 0.4642258858874592, 0.45333986850614005, 0.21935973831501496]"
10,"[5, 20, 20, 5, 50, 50, 10, 100, 100, 10]","[0.3646688171384403, 0.4312828820699528, 0.4226824629382464, 0.32018017136179844, 0.446993853643503, 0.4693509723863348, 0.19319571428131957, 0.39213630659010457, 0.36601213338383876, 0.18584917387213112]"
10,"[5, 20, 20, 5, 50, 50, 10, 100, 100, 10]","[0.3115279055198264, 0.4280667012802455, 0.4127644130115518, 0.26970455315785224, 0.4462377745098619, 0.4454028928829933, 0.18839506668952288, 0.3738926655629635, 0.35980800739407015, 0.12798930666408553]"
10,"[5, 20, 20, 5, 50, 50, 10, 100, 100, 10]","[0.2777611743851747, 0.4713109512456013, 0.4553057095082286, 0.26882409647873684, 0.47187971709228416, 0.45600885698472465, 0.18008464197858087, 0.39514569277319683, 0.3846801402575351, 0.17677094962218662]"
10,"[5, 20, 20, 5, 50, 50, 10, 100, 100, 10]","[0.3158012197251395, 0.4454261487436715, 0.4560954602461653, 0.2913023929584966, 0.44442023835580746, 0.44659245415179233, 0.25138911310735407, 0.40998039803436515, 0.3981193125992442, 0.20951227787059318]"
10,"[5, 20, 20, 5, 50, 50, 10, 100, 100, 10]","[0.33927773950961326, 0.42384379373646297, 0.43254300468717305, 0.30156922063491937, 0.4360792595853277, 0.44652245300031845, 0.2620736407989148, 0.4187226872626184, 0.3998675839509252, 0.23130170304098124]"
10,"[5, 20, 20, 5, 50, 50, 10, 100, 100, 10]","[0.36388707906950857, 0.4320380012995763, 0.4412972997401675, 0.2940316180502214, 0.4553439505104017, 0.4648396435913845, 0.281175554772929, 0.3835135109895978, 0.3706146408436267, 0.20480718966049843]"
10,"[5, 20, 20, 5, 50, 50, 10, 100, 100, 10]","[0.34954284833883276, 0.41130861832513876, 0.4128090457623682, 0.2965673398087742, 0.41941334095358374, 0.45007017082345213, 0.24738251904895, 0.4026705924090632, 0.38193686241387625, 0.24303222395846388]"
20,"[10, 5, 5, 10, 50, 50, 20, 100, 100, 20]","[0.45545932601891576, 0.4530363488453163, 0.4224524869130188, 0.4177269693102004, 0.46833096838420846, 0.5046790443622386, 0.24239038333636898, 0.4027818635387416, 0.38740174880094086, 0.14680369170856272]"
20,"[5, 10, 5, 10, 50, 50, 20, 100, 100, 20]","[0.47610326193622315, 0.4585772655881732, 0.43386095764328475, 0.42417731782107415, 0.456487193348248, 0.510659387231093, 0.19841210134839934, 0.41265917720491363, 0.3944569199990645, 0.14994834778453345]"
20,"[5, 10, 5, 10, 50, 50, 20, 100, 100, 20]","[0.46475118089210316, 0.4352552345323524, 0.42450882284424396, 0.41514684311008665, 0.4275185995690131, 0.4698829923513259, 0.27578961486532244, 0.37301811440657867, 0.3572642318753841, 0.16188695512356338]"
20,"[5, 10, 5, 10, 50, 50, 20, 100, 100, 20]","[0.49215351640687055, 0.4662460158916638, 0.45885510800727763, 0.4473848449160355, 0.4562245624697095, 0.49647767576701957, 0.2682839518308663, 0.4170081334679481, 0.39592705975946707, 0.14543109520063316]"
20,"[5, 10, 5, 10, 50, 50, 20, 100, 100, 20]","[0.49830071778906126, 0.47222992398090724, 0.4588161213982721, 0.4399921190724832, 0.47275942185633607, 0.5223362164842237, 0.1890474755137363, 0.41550396189479616, 0.3996163643395494, 0.14069231606690424]"
20,"[5, 5, 10, 10, 50, 50, 20, 100, 100, 20]","[0.5256689882630708, 0.48960980038463214, 0.4884731512017167, 0.46338165084071475, 0.4921041072026221, 0.536371270220102, 0.22614894252594697, 0.44512404429852903, 0.43361093563838976, 0.19040597099293863]"
20,"[5, 5, 10, 10, 50, 50, 20, 100, 100, 20]","[0.5443040102143886, 0.5036529272351399, 0.49345898980449754, 0.47863993922489534, 0.46328120751561047, 0.5172051256966279, 0.2942353254036612, 0.4379602976064922, 0.42330196080447485, 0.17170756006604954]"
20,"[5, 10, 5, 10, 50, 50, 20, 100, 100, 20]","[0.5031119189867792, 0.46772060150478667, 0.46670625806877175, 0.4497125521843538, 0.45330103444502184, 0.4926035059993647, 0.28193973581612075, 0.40885367739714346, 0.3934027099133535, 0.1536091219514378]"
100,"[5, 5, 20, 10, 20, 10, 50, 50, 100, 100]","[0.46601765803756395, 0.454863462073682, 0.40926098056444116, 0.40789513831026797, 0.3908993856579202, 0.3811769151828795, 0.3717621755004806, 0.2947700149945497, 0.22448839795468348, 0.17864828009093928]"
100,"[5, 5, 20, 10, 20, 50, 10, 50, 100, 100]","[0.4554680691775484, 0.4392048371175227, 0.404036222171777, 0.38568740345979513, 0.3809131506449762, 0.37170657402783125, 0.36906891469449343, 0.2969015220499945, 0.19249980489600133, 0.15719754340472758]"
